Source,File,Method,Code_Smell,Line_no,Start_line,End_line,Details
dataset,ff_ippo_store_experience.py,,Magic Number,54,,,Magic number 5 found at line 54
dataset,ff_ippo_store_experience.py,get_learner_fn,Long Method,,57,343,Method 'get_learner_fn' has 287 lines (threshold: 67)
dataset,ff_ippo_store_experience.py,_update_step,Long Method,,68,308,Method '_update_step' has 241 lines (threshold: 67)
dataset,ff_ippo_store_experience.py,_env_step,Long Message Chain,93,,,Message chain at line 93 has 3 chained methods (threshold: 2)
dataset,ff_ippo_store_experience.py,_env_step,Long Lambda Function,104,,,Lambda at line 104 has 83 characters (threshold: 80)
dataset,ff_ippo_store_experience.py,_update_step,Long Message Chain,117,,,Message chain at line 117 has 3 chained methods (threshold: 2)
dataset,ff_ippo_store_experience.py,_calculate_gae,Long Message Chain,143,,,Message chain at line 143 has 3 chained methods (threshold: 2)
dataset,ff_ippo_store_experience.py,_update_epoch,Long Method,,154,296,Method '_update_epoch' has 143 lines (threshold: 67)
dataset,ff_ippo_store_experience.py,_update_minibatch,Long Method,,157,274,Method '_update_minibatch' has 118 lines (threshold: 67)
dataset,ff_ippo_store_experience.py,_actor_loss_fn,Magic Number,176,,,Magic number 1e-08 found at line 176
dataset,ff_ippo_store_experience.py,_critic_loss_fn,Magic Number,209,,,Magic number 0.5 found at line 209
dataset,ff_ippo_store_experience.py,_update_minibatch,Long Message Chain,230,,,Message chain at line 230 has 3 chained methods (threshold: 2)
dataset,ff_ippo_store_experience.py,_update_minibatch,Long Message Chain,234,,,Message chain at line 234 has 3 chained methods (threshold: 2)
dataset,ff_ippo_store_experience.py,_update_minibatch,Long Message Chain,238,,,Message chain at line 238 has 3 chained methods (threshold: 2)
dataset,ff_ippo_store_experience.py,_update_minibatch,Long Message Chain,242,,,Message chain at line 242 has 3 chained methods (threshold: 2)
dataset,ff_ippo_store_experience.py,_update_epoch,Long Message Chain,277,,,Message chain at line 277 has 3 chained methods (threshold: 2)
dataset,ff_ippo_store_experience.py,_update_epoch,Long Message Chain,281,,,Message chain at line 281 has 3 chained methods (threshold: 2)
dataset,ff_ippo_store_experience.py,_update_epoch,Long Message Chain,291,,,Message chain at line 291 has 3 chained methods (threshold: 2)
dataset,ff_ippo_store_experience.py,_update_step,Long Message Chain,301,,,Message chain at line 301 has 3 chained methods (threshold: 2)
dataset,ff_ippo_store_experience.py,learner_fn,Long Message Chain,331,,,Message chain at line 331 has 3 chained methods (threshold: 2)
dataset,ff_ippo_store_experience.py,learner_setup,Long Method,,346,448,Method 'learner_setup' has 103 lines (threshold: 67)
dataset,ff_ippo_store_experience.py,learner_setup,Long Message Chain,363,,,Message chain at line 363 has 3 chained methods (threshold: 2)
dataset,ff_ippo_store_experience.py,learner_setup,Long Message Chain,364,,,Message chain at line 364 has 3 chained methods (threshold: 2)
dataset,ff_ippo_store_experience.py,learner_setup,Long Message Chain,365,,,Message chain at line 365 has 3 chained methods (threshold: 2)
dataset,ff_ippo_store_experience.py,learner_setup,Long Lambda Function,413,,,Lambda at line 413 has 99 characters (threshold: 80)
dataset,ff_ippo_store_experience.py,learner_setup,Long Message Chain,423,,,Message chain at line 423 has 3 chained methods (threshold: 2)
dataset,ff_ippo_store_experience.py,learner_setup,Long Message Chain,431,,,Message chain at line 431 has 3 chained methods (threshold: 2)
dataset,ff_ippo_store_experience.py,learner_setup,Long Lambda Function,434,,,Lambda at line 434 has 93 characters (threshold: 80)
dataset,ff_ippo_store_experience.py,learner_setup,Long Lambda Function,438,,,Lambda at line 438 has 115 characters (threshold: 80)
dataset,ff_ippo_store_experience.py,run_experiment,Long Method,,451,670,Method 'run_experiment' has 220 lines (threshold: 67)
dataset,ff_ippo_store_experience.py,run_experiment,Complex Method,,451,670,Method 'run_experiment' has cyclomatic complexity of 11 (threshold: 7)
dataset,ff_ippo_store_experience.py,run_experiment,Long Message Chain,463,,,Message chain at line 463 has 3 chained methods (threshold: 2)
dataset,ff_ippo_store_experience.py,run_experiment,Long Message Chain,463,,,Message chain at line 463 has 3 chained methods (threshold: 2)
dataset,ff_ippo_store_experience.py,run_experiment,Long Message Chain,469,,,Message chain at line 469 has 3 chained methods (threshold: 2)
dataset,ff_ippo_store_experience.py,run_experiment,Long Identifier,,,,Identifier 'dummy_flashbax_transition' has 25 characters (threshold: 20)
dataset,ff_ippo_store_experience.py,run_experiment,Long Message Chain,615,,,Message chain at line 615 has 3 chained methods (threshold: 2)
dataset,ff_ippo_store_experience.py,run_experiment,Long Message Chain,656,,,Message chain at line 656 has 3 chained methods (threshold: 2)
dataset,checkpointing.py,__init__,Long Method,,39,114,Method '__init__' has 76 lines (threshold: 67)
dataset,checkpointing.py,__init__,Long Parameter List,,,,Method '__init__' has 7 parameters (threshold: 4)
dataset,checkpointing.py,__init__,Long Message Chain,78,,,Message chain at line 78 has 3 chained methods (threshold: 2)
dataset,checkpointing.py,__init__,Long Message Chain,83,,,Message chain at line 83 has 3 chained methods (threshold: 2)
dataset,checkpointing.py,__init__,Long Message Chain,103,,,Message chain at line 103 has 3 chained methods (threshold: 2)
dataset,checkpointing.py,__init__,Long Message Chain,104,,,Message chain at line 104 has 3 chained methods (threshold: 2)
dataset,checkpointing.py,save,Long Message Chain,139,,,Message chain at line 139 has 3 chained methods (threshold: 2)
dataset,checkpointing.py,restore_params,Long Message Chain,175,,,Message chain at line 175 has 3 chained methods (threshold: 2)
dataset,checkpointing.py,restore_params,Long Message Chain,180,,,Message chain at line 180 has 3 chained methods (threshold: 2)
dataset,checkpointing.py,restore_params,Long Message Chain,181,,,Message chain at line 181 has 3 chained methods (threshold: 2)
dataset,checkpointing.py,restore_params,Long Identifier,,,,Identifier 'restored_learner_state_raw' has 26 characters (threshold: 20)
dataset,checkpointing.py,get_cfg,Long Message Chain,217,,,Message chain at line 217 has 3 chained methods (threshold: 2)
dataset,ff_isac.py,init,Long Method,,58,208,Method 'init' has 151 lines (threshold: 67)
dataset,ff_isac.py,init,Long Message Chain,91,,,Message chain at line 91 has 3 chained methods (threshold: 2)
dataset,ff_isac.py,init,Long Message Chain,104,,,Message chain at line 104 has 3 chained methods (threshold: 2)
dataset,ff_isac.py,init,Long Message Chain,112,,,Message chain at line 112 has 3 chained methods (threshold: 2)
dataset,ff_isac.py,init,Long Message Chain,113,,,Message chain at line 113 has 3 chained methods (threshold: 2)
dataset,ff_isac.py,init,Long Message Chain,120,,,Message chain at line 120 has 3 chained methods (threshold: 2)
dataset,ff_isac.py,init,Long Message Chain,185,,,Message chain at line 185 has 3 chained methods (threshold: 2)
dataset,ff_isac.py,init,Long Message Chain,186,,,Message chain at line 186 has 3 chained methods (threshold: 2)
dataset,ff_isac.py,init,Long Message Chain,190,,,Message chain at line 190 has 3 chained methods (threshold: 2)
dataset,ff_isac.py,make_update_fns,Long Method,,211,488,Method 'make_update_fns' has 278 lines (threshold: 67)
dataset,ff_isac.py,make_update_fns,Long Parameter List,,,,Method 'make_update_fns' has 6 parameters (threshold: 4)
dataset,ff_isac.py,step,Long Message Chain,252,,,Message chain at line 252 has 3 chained methods (threshold: 2)
dataset,ff_isac.py,actor_loss_fn,Long Parameter List,,,,Method 'actor_loss_fn' has 5 parameters (threshold: 4)
dataset,ff_isac.py,update_actor_and_alpha,Long Message Chain,349,,,Message chain at line 349 has 3 chained methods (threshold: 2)
dataset,ff_isac.py,train,Long Message Chain,392,,,Message chain at line 392 has 3 chained methods (threshold: 2)
dataset,ff_isac.py,train,Long Lambda Function,403,,,Lambda at line 403 has 154 characters (threshold: 80)
dataset,ff_isac.py,act,Long Message Chain,423,,,Message chain at line 423 has 3 chained methods (threshold: 2)
dataset,ff_isac.py,explore,Long Message Chain,436,,,Message chain at line 436 has 3 chained methods (threshold: 2)
dataset,ff_isac.py,explore,Long Message Chain,437,,,Message chain at line 437 has 3 chained methods (threshold: 2)
dataset,ff_isac.py,update_step,Long Message Chain,453,,,Message chain at line 453 has 3 chained methods (threshold: 2)
dataset,ff_isac.py,run_experiment,Long Method,,491,602,Method 'run_experiment' has 112 lines (threshold: 67)
dataset,ff_isac.py,run_experiment,Complex Method,,491,602,Method 'run_experiment' has cyclomatic complexity of 8 (threshold: 7)
dataset,ff_isac.py,run_experiment,Long Message Chain,512,,,Message chain at line 512 has 3 chained methods (threshold: 2)
dataset,ff_isac.py,run_experiment,Long Message Chain,567,,,Message chain at line 567 has 3 chained methods (threshold: 2)
dataset,ff_isac.py,run_experiment,Long Message Chain,568,,,Message chain at line 568 has 3 chained methods (threshold: 2)
dataset,ff_isac.py,run_experiment,Long Identifier,,,,Identifier 'unreplicated_learner_state' has 26 characters (threshold: 20)
dataset,ff_isac.py,run_experiment,Long Message Chain,593,,,Message chain at line 593 has 3 chained methods (threshold: 2)
dataset,rec_ippo.py,get_learner_fn,Long Method,,59,439,Method 'get_learner_fn' has 381 lines (threshold: 67)
dataset,rec_ippo.py,_update_step,Long Method,,69,407,Method '_update_step' has 339 lines (threshold: 67)
dataset,rec_ippo.py,_env_step,Long Message Chain,105,,,Message chain at line 105 has 3 chained methods (threshold: 2)
dataset,rec_ippo.py,_env_step,Long Lambda Function,132,,,Lambda at line 132 has 83 characters (threshold: 80)
dataset,rec_ippo.py,_update_step,Long Message Chain,154,,,Message chain at line 154 has 3 chained methods (threshold: 2)
dataset,rec_ippo.py,_update_step,Long Identifier,,,,Identifier 'batched_last_observation' has 24 characters (threshold: 20)
dataset,rec_ippo.py,_calculate_gae,Long Message Chain,194,,,Message chain at line 194 has 3 chained methods (threshold: 2)
dataset,rec_ippo.py,_update_epoch,Long Method,,205,380,Method '_update_epoch' has 176 lines (threshold: 67)
dataset,rec_ippo.py,_update_minibatch,Long Method,,208,337,Method '_update_minibatch' has 130 lines (threshold: 67)
dataset,rec_ippo.py,_actor_loss_fn,Long Parameter List,,,,Method '_actor_loss_fn' has 5 parameters (threshold: 4)
dataset,rec_ippo.py,_actor_loss_fn,Magic Number,231,,,Magic number 1e-08 found at line 231
dataset,rec_ippo.py,_critic_loss_fn,Magic Number,268,,,Magic number 0.5 found at line 268
dataset,rec_ippo.py,_update_minibatch,Long Message Chain,274,,,Message chain at line 274 has 3 chained methods (threshold: 2)
dataset,rec_ippo.py,_update_minibatch,Long Message Chain,294,,,Message chain at line 294 has 3 chained methods (threshold: 2)
dataset,rec_ippo.py,_update_minibatch,Long Message Chain,298,,,Message chain at line 298 has 3 chained methods (threshold: 2)
dataset,rec_ippo.py,_update_minibatch,Long Message Chain,302,,,Message chain at line 302 has 3 chained methods (threshold: 2)
dataset,rec_ippo.py,_update_minibatch,Long Message Chain,306,,,Message chain at line 306 has 3 chained methods (threshold: 2)
dataset,rec_ippo.py,_update_epoch,Long Message Chain,340,,,Message chain at line 340 has 3 chained methods (threshold: 2)
dataset,rec_ippo.py,_update_epoch,Long Lambda Function,348,,,Lambda at line 348 has 193 characters (threshold: 80)
dataset,rec_ippo.py,_update_epoch,Long Message Chain,355,,,Message chain at line 355 has 3 chained methods (threshold: 2)
dataset,rec_ippo.py,_update_epoch,Long Lambda Function,360,,,Lambda at line 360 has 125 characters (threshold: 80)
dataset,rec_ippo.py,_update_epoch,Long Message Chain,368,,,Message chain at line 368 has 3 chained methods (threshold: 2)
dataset,rec_ippo.py,_update_step,Long Message Chain,392,,,Message chain at line 392 has 3 chained methods (threshold: 2)
dataset,rec_ippo.py,learner_fn,Long Message Chain,430,,,Message chain at line 430 has 3 chained methods (threshold: 2)
dataset,rec_ippo.py,learner_setup,Long Method,,442,580,Method 'learner_setup' has 139 lines (threshold: 67)
dataset,rec_ippo.py,learner_setup,Long Message Chain,457,,,Message chain at line 457 has 3 chained methods (threshold: 2)
dataset,rec_ippo.py,learner_setup,Long Message Chain,458,,,Message chain at line 458 has 3 chained methods (threshold: 2)
dataset,rec_ippo.py,learner_setup,Long Message Chain,459,,,Message chain at line 459 has 3 chained methods (threshold: 2)
dataset,rec_ippo.py,learner_setup,Long Message Chain,462,,,Message chain at line 462 has 3 chained methods (threshold: 2)
dataset,rec_ippo.py,learner_setup,Long Message Chain,463,,,Message chain at line 463 has 3 chained methods (threshold: 2)
dataset,rec_ippo.py,learner_setup,Long Message Chain,540,,,Message chain at line 540 has 3 chained methods (threshold: 2)
dataset,rec_ippo.py,learner_setup,Long Lambda Function,546,,,Lambda at line 546 has 115 characters (threshold: 80)
dataset,rec_ippo.py,learner_setup,Long Message Chain,558,,,Message chain at line 558 has 3 chained methods (threshold: 2)
dataset,rec_ippo.py,learner_setup,Long Message Chain,567,,,Message chain at line 567 has 3 chained methods (threshold: 2)
dataset,rec_ippo.py,run_experiment,Long Method,,583,721,Method 'run_experiment' has 139 lines (threshold: 67)
dataset,rec_ippo.py,run_experiment,Complex Method,,583,721,Method 'run_experiment' has cyclomatic complexity of 9 (threshold: 7)
dataset,rec_ippo.py,run_experiment,Long Message Chain,601,,,Message chain at line 601 has 3 chained methods (threshold: 2)
dataset,rec_ippo.py,run_experiment,Long Message Chain,602,,,Message chain at line 602 has 3 chained methods (threshold: 2)
dataset,rec_ippo.py,run_experiment,Long Message Chain,612,,,Message chain at line 612 has 3 chained methods (threshold: 2)
dataset,rec_ippo.py,run_experiment,Long Message Chain,677,,,Message chain at line 677 has 3 chained methods (threshold: 2)
dataset,rec_ippo.py,run_experiment,Long Message Chain,711,,,Message chain at line 711 has 3 chained methods (threshold: 2)
dataset,ff_ippo.py,get_learner_fn,Long Method,,50,346,Method 'get_learner_fn' has 297 lines (threshold: 67)
dataset,ff_ippo.py,_update_step,Long Method,,61,316,Method '_update_step' has 256 lines (threshold: 67)
dataset,ff_ippo.py,_env_step,Long Message Chain,86,,,Message chain at line 86 has 3 chained methods (threshold: 2)
dataset,ff_ippo.py,_env_step,Long Lambda Function,98,,,Lambda at line 98 has 83 characters (threshold: 80)
dataset,ff_ippo.py,_update_step,Long Message Chain,116,,,Message chain at line 116 has 3 chained methods (threshold: 2)
dataset,ff_ippo.py,_calculate_gae,Long Message Chain,142,,,Message chain at line 142 has 3 chained methods (threshold: 2)
dataset,ff_ippo.py,_update_epoch,Long Method,,153,304,Method '_update_epoch' has 152 lines (threshold: 67)
dataset,ff_ippo.py,_update_minibatch,Long Method,,156,282,Method '_update_minibatch' has 127 lines (threshold: 67)
dataset,ff_ippo.py,_actor_loss_fn,Long Parameter List,,,,Method '_actor_loss_fn' has 5 parameters (threshold: 4)
dataset,ff_ippo.py,_actor_loss_fn,Magic Number,176,,,Magic number 1e-08 found at line 176
dataset,ff_ippo.py,_critic_loss_fn,Magic Number,210,,,Magic number 0.5 found at line 210
dataset,ff_ippo.py,_update_minibatch,Long Message Chain,216,,,Message chain at line 216 has 3 chained methods (threshold: 2)
dataset,ff_ippo.py,_update_minibatch,Long Message Chain,239,,,Message chain at line 239 has 3 chained methods (threshold: 2)
dataset,ff_ippo.py,_update_minibatch,Long Message Chain,243,,,Message chain at line 243 has 3 chained methods (threshold: 2)
dataset,ff_ippo.py,_update_minibatch,Long Message Chain,247,,,Message chain at line 247 has 3 chained methods (threshold: 2)
dataset,ff_ippo.py,_update_minibatch,Long Message Chain,251,,,Message chain at line 251 has 3 chained methods (threshold: 2)
dataset,ff_ippo.py,_update_epoch,Long Message Chain,285,,,Message chain at line 285 has 3 chained methods (threshold: 2)
dataset,ff_ippo.py,_update_epoch,Long Message Chain,289,,,Message chain at line 289 has 3 chained methods (threshold: 2)
dataset,ff_ippo.py,_update_epoch,Long Message Chain,299,,,Message chain at line 299 has 3 chained methods (threshold: 2)
dataset,ff_ippo.py,_update_step,Long Message Chain,309,,,Message chain at line 309 has 3 chained methods (threshold: 2)
dataset,ff_ippo.py,learner_fn,Long Message Chain,337,,,Message chain at line 337 has 3 chained methods (threshold: 2)
dataset,ff_ippo.py,learner_setup,Long Method,,349,448,Method 'learner_setup' has 100 lines (threshold: 67)
dataset,ff_ippo.py,learner_setup,Long Message Chain,363,,,Message chain at line 363 has 3 chained methods (threshold: 2)
dataset,ff_ippo.py,learner_setup,Long Message Chain,364,,,Message chain at line 364 has 3 chained methods (threshold: 2)
dataset,ff_ippo.py,learner_setup,Long Message Chain,367,,,Message chain at line 367 has 3 chained methods (threshold: 2)
dataset,ff_ippo.py,learner_setup,Long Message Chain,408,,,Message chain at line 408 has 3 chained methods (threshold: 2)
dataset,ff_ippo.py,learner_setup,Long Lambda Function,414,,,Lambda at line 414 has 115 characters (threshold: 80)
dataset,ff_ippo.py,learner_setup,Long Message Chain,433,,,Message chain at line 433 has 3 chained methods (threshold: 2)
dataset,ff_ippo.py,learner_setup,Long Message Chain,442,,,Message chain at line 442 has 3 chained methods (threshold: 2)
dataset,ff_ippo.py,run_experiment,Long Method,,451,570,Method 'run_experiment' has 120 lines (threshold: 67)
dataset,ff_ippo.py,run_experiment,Complex Method,,451,570,Method 'run_experiment' has cyclomatic complexity of 8 (threshold: 7)
dataset,ff_ippo.py,run_experiment,Long Message Chain,461,,,Message chain at line 461 has 3 chained methods (threshold: 2)
dataset,ff_ippo.py,run_experiment,Long Message Chain,462,,,Message chain at line 462 has 3 chained methods (threshold: 2)
dataset,ff_ippo.py,run_experiment,Long Message Chain,472,,,Message chain at line 472 has 3 chained methods (threshold: 2)
dataset,ff_ippo.py,run_experiment,Long Message Chain,531,,,Message chain at line 531 has 3 chained methods (threshold: 2)
dataset,ff_ippo.py,run_experiment,Long Message Chain,560,,,Message chain at line 560 has 3 chained methods (threshold: 2)
dataset,ff_mappo.py,get_learner_fn,Long Method,,45,330,Method 'get_learner_fn' has 286 lines (threshold: 67)
dataset,ff_mappo.py,_update_step,Long Method,,56,300,Method '_update_step' has 245 lines (threshold: 67)
dataset,ff_mappo.py,_env_step,Long Message Chain,81,,,Message chain at line 81 has 3 chained methods (threshold: 2)
dataset,ff_mappo.py,_env_step,Long Lambda Function,92,,,Lambda at line 92 has 83 characters (threshold: 80)
dataset,ff_mappo.py,_update_step,Long Message Chain,104,,,Message chain at line 104 has 3 chained methods (threshold: 2)
dataset,ff_mappo.py,_calculate_gae,Long Message Chain,130,,,Message chain at line 130 has 3 chained methods (threshold: 2)
dataset,ff_mappo.py,_update_epoch,Long Method,,141,288,Method '_update_epoch' has 148 lines (threshold: 67)
dataset,ff_mappo.py,_update_minibatch,Long Method,,144,266,Method '_update_minibatch' has 123 lines (threshold: 67)
dataset,ff_mappo.py,_actor_loss_fn,Long Parameter List,,,,Method '_actor_loss_fn' has 5 parameters (threshold: 4)
dataset,ff_mappo.py,_actor_loss_fn,Magic Number,164,,,Magic number 1e-08 found at line 164
dataset,ff_mappo.py,_critic_loss_fn,Magic Number,198,,,Magic number 0.5 found at line 198
dataset,ff_mappo.py,_update_minibatch,Long Message Chain,204,,,Message chain at line 204 has 3 chained methods (threshold: 2)
dataset,ff_mappo.py,_update_minibatch,Long Message Chain,224,,,Message chain at line 224 has 3 chained methods (threshold: 2)
dataset,ff_mappo.py,_update_minibatch,Long Message Chain,228,,,Message chain at line 228 has 3 chained methods (threshold: 2)
dataset,ff_mappo.py,_update_minibatch,Long Message Chain,232,,,Message chain at line 232 has 3 chained methods (threshold: 2)
dataset,ff_mappo.py,_update_minibatch,Long Message Chain,236,,,Message chain at line 236 has 3 chained methods (threshold: 2)
dataset,ff_mappo.py,_update_epoch,Long Message Chain,269,,,Message chain at line 269 has 3 chained methods (threshold: 2)
dataset,ff_mappo.py,_update_epoch,Long Message Chain,273,,,Message chain at line 273 has 3 chained methods (threshold: 2)
dataset,ff_mappo.py,_update_epoch,Long Message Chain,283,,,Message chain at line 283 has 3 chained methods (threshold: 2)
dataset,ff_mappo.py,_update_step,Long Message Chain,293,,,Message chain at line 293 has 3 chained methods (threshold: 2)
dataset,ff_mappo.py,learner_fn,Long Message Chain,321,,,Message chain at line 321 has 3 chained methods (threshold: 2)
dataset,ff_mappo.py,learner_setup,Long Method,,333,432,Method 'learner_setup' has 100 lines (threshold: 67)
dataset,ff_mappo.py,learner_setup,Long Message Chain,347,,,Message chain at line 347 has 3 chained methods (threshold: 2)
dataset,ff_mappo.py,learner_setup,Long Message Chain,348,,,Message chain at line 348 has 3 chained methods (threshold: 2)
dataset,ff_mappo.py,learner_setup,Long Message Chain,351,,,Message chain at line 351 has 3 chained methods (threshold: 2)
dataset,ff_mappo.py,learner_setup,Long Message Chain,392,,,Message chain at line 392 has 3 chained methods (threshold: 2)
dataset,ff_mappo.py,learner_setup,Long Lambda Function,398,,,Lambda at line 398 has 115 characters (threshold: 80)
dataset,ff_mappo.py,learner_setup,Long Message Chain,417,,,Message chain at line 417 has 3 chained methods (threshold: 2)
dataset,ff_mappo.py,learner_setup,Long Message Chain,426,,,Message chain at line 426 has 3 chained methods (threshold: 2)
dataset,ff_mappo.py,run_experiment,Long Method,,435,553,Method 'run_experiment' has 119 lines (threshold: 67)
dataset,ff_mappo.py,run_experiment,Complex Method,,435,553,Method 'run_experiment' has cyclomatic complexity of 8 (threshold: 7)
dataset,ff_mappo.py,run_experiment,Long Message Chain,445,,,Message chain at line 445 has 3 chained methods (threshold: 2)
dataset,ff_mappo.py,run_experiment,Long Message Chain,446,,,Message chain at line 446 has 3 chained methods (threshold: 2)
dataset,ff_mappo.py,run_experiment,Long Message Chain,456,,,Message chain at line 456 has 3 chained methods (threshold: 2)
dataset,ff_mappo.py,run_experiment,Long Message Chain,514,,,Message chain at line 514 has 3 chained methods (threshold: 2)
dataset,ff_mappo.py,run_experiment,Long Message Chain,543,,,Message chain at line 543 has 3 chained methods (threshold: 2)
dataset,_codespell.py,,Magic Number,45,,,Magic number 4 found at line 45
dataset,_codespell.py,,Long Identifier,,,,Identifier 'ENABLE_VIRTUAL_TERMINAL_PROCESSING' has 34 characters (threshold: 20)
dataset,_codespell.py,,Long Identifier,,,,Identifier 'supported_languages_en' has 22 characters (threshold: 20)
dataset,_codespell.py,,Long Message Chain,74,,,Message chain at line 74 has 3 chained methods (threshold: 2)
dataset,_codespell.py,,Long Message Chain,74,,,Message chain at line 74 has 3 chained methods (threshold: 2)
dataset,_codespell.py,,Long Message Chain,74,,,Message chain at line 74 has 3 chained methods (threshold: 2)
dataset,_codespell.py,,Long Identifier,,,,Identifier '_builtin_dictionaries' has 21 characters (threshold: 20)
dataset,_codespell.py,,Magic Number,142,,,Magic number 64 found at line 142
dataset,_codespell.py,,Magic Number,143,,,Magic number 65 found at line 143
dataset,_codespell.py,,Magic Number,144,,,Magic number 78 found at line 144
dataset,_codespell.py,,Magic Number,157,,,Magic number 2 found at line 157
dataset,_codespell.py,,Magic Number,158,,,Magic number 4 found at line 158
dataset,_codespell.py,,Magic Number,159,,,Magic number 8 found at line 159
dataset,_codespell.py,,Magic Number,160,,,Magic number 16 found at line 160
dataset,_codespell.py,,Magic Number,161,,,Magic number 32 found at line 161
dataset,_codespell.py,__str__,Long Message Chain,197,,,Message chain at line 197 has 3 chained methods (threshold: 2)
dataset,_codespell.py,__str__,Long Message Chain,201,,,Message chain at line 201 has 3 chained methods (threshold: 2)
dataset,_codespell.py,__str__,Magic Number,201,,,Magic number 15 found at line 201
dataset,_codespell.py,open_with_chardet,Long Message Chain,237,,,Message chain at line 237 has 3 chained methods (threshold: 2)
dataset,_codespell.py,open_with_chardet,Long Message Chain,240,,,Message chain at line 240 has 3 chained methods (threshold: 2)
dataset,_codespell.py,open_with_chardet,Long Message Chain,243,,,Message chain at line 243 has 3 chained methods (threshold: 2)
dataset,_codespell.py,_split_lines,Long Message Chain,325,,,Message chain at line 325 has 3 chained methods (threshold: 2)
dataset,_codespell.py,_supports_ansi_colors,Long Message Chain,369,,,Message chain at line 369 has 3 chained methods (threshold: 2)
dataset,_codespell.py,parse_options,Long Method,,375,697,Method 'parse_options' has 323 lines (threshold: 67)
dataset,_codespell.py,parse_options,Complex Method,,375,697,Method 'parse_options' has cyclomatic complexity of 17 (threshold: 7)
dataset,_codespell.py,parse_options,Long Message Chain,640,,,Message chain at line 640 has 3 chained methods (threshold: 2)
dataset,_codespell.py,parse_options,Long Message Chain,695,,,Message chain at line 695 has 3 chained methods (threshold: 2)
dataset,_codespell.py,parse_ignore_words_option,Long Identifier,,,,Identifier 'comma_separated_words' has 21 characters (threshold: 20)
dataset,_codespell.py,is_hidden,Long Message Chain,741,,,Message chain at line 741 has 3 chained methods (threshold: 2)
dataset,_codespell.py,ask_for_word_fix,Complex Method,,754,813,Method 'ask_for_word_fix' has cyclomatic complexity of 15 (threshold: 7)
dataset,_codespell.py,ask_for_word_fix,Long Parameter List,,,,Method 'ask_for_word_fix' has 5 parameters (threshold: 4)
dataset,_codespell.py,ask_for_word_fix,Long Message Chain,776,,,Message chain at line 776 has 3 chained methods (threshold: 2)
dataset,_codespell.py,ask_for_word_fix,Magic Number,786,,,Magic number 2 found at line 786
dataset,_codespell.py,ask_for_word_fix,Long Message Chain,791,,,Message chain at line 791 has 3 chained methods (threshold: 2)
dataset,_codespell.py,ask_for_word_fix,Long Message Chain,799,,,Message chain at line 799 has 3 chained methods (threshold: 2)
dataset,_codespell.py,apply_uri_ignore_words,Long Parameter List,,,,Method 'apply_uri_ignore_words' has 6 parameters (threshold: 4)
dataset,_codespell.py,parse_file,Long Method,,873,1084,Method 'parse_file' has 212 lines (threshold: 67)
dataset,_codespell.py,parse_file,Complex Method,,873,1084,Method 'parse_file' has cyclomatic complexity of 54 (threshold: 7)
dataset,_codespell.py,parse_file,Long Parameter List,,,,Method 'parse_file' has 13 parameters (threshold: 4)
dataset,_codespell.py,parse_file,Long Message Chain,929,,,Message chain at line 929 has 3 chained methods (threshold: 2)
dataset,_codespell.py,parse_file,Long Identifier,,,,Identifier 'extra_words_to_ignore' has 21 characters (threshold: 20)
dataset,_codespell.py,parse_file,Long Identifier,,,,Identifier 'extra_words_to_ignore' has 21 characters (threshold: 20)
dataset,_codespell.py,parse_file,Complex Conditional,991,,,Conditional at line 991 has 3 logical operators (threshold: 2)
dataset,_codespell.py,parse_file,Magic Number,1031,,,Magic number 2 found at line 1031
dataset,_codespell.py,_script_main,Long Message Chain,1107,,,Message chain at line 1107 has 3 chained methods (threshold: 2)
dataset,_codespell.py,main,Long Method,,1117,1351,Method 'main' has 235 lines (threshold: 67)
dataset,_codespell.py,main,Complex Method,,1117,1351,Method 'main' has cyclomatic complexity of 52 (threshold: 7)
dataset,_codespell.py,main,Long Identifier,,,,Identifier 'ignore_multiline_regex' has 22 characters (threshold: 20)
dataset,_codespell.py,main,Long Identifier,,,,Identifier 'ignore_multiline_regex' has 22 characters (threshold: 20)
dataset,_codespell.py,main,Long Message Chain,1185,,,Message chain at line 1185 has 3 chained methods (threshold: 2)
dataset,_codespell.py,main,Long Message Chain,1211,,,Message chain at line 1211 has 3 chained methods (threshold: 2)
dataset,_codespell.py,main,Long Message Chain,1216,,,Message chain at line 1216 has 3 chained methods (threshold: 2)
dataset,_codespell.py,main,Long Message Chain,1225,,,Message chain at line 1225 has 3 chained methods (threshold: 2)
dataset,_codespell.py,main,Long Message Chain,1289,,,Message chain at line 1289 has 3 chained methods (threshold: 2)
dataset,_codespell.py,main,Long Message Chain,1302,,,Message chain at line 1302 has 3 chained methods (threshold: 2)
dataset,_codespell.py,,Long Statement,111,,,Line 111 has 124 characters (threshold: 120)
dataset,test_dictionary.py,,Long Message Chain,49,,,Message chain at line 49 has 3 chained methods (threshold: 2)
dataset,test_dictionary.py,test_dictionary_sorting,Long Message Chain,83,,,Message chain at line 83 has 3 chained methods (threshold: 2)
dataset,test_dictionary.py,_check_aspell,Long Parameter List,,,,Method '_check_aspell' has 5 parameters (threshold: 4)
dataset,test_dictionary.py,_check_err_rep,Long Parameter List,,,,Method '_check_err_rep' has 5 parameters (threshold: 4)
dataset,test_dictionary.py,test_error_checking,Long Message Chain,193,,,Message chain at line 193 has 3 chained methods (threshold: 2)
dataset,test_dictionary.py,test_error_checking_in_aspell,Long Parameter List,,,,Method 'test_error_checking_in_aspell' has 5 parameters (threshold: 4)
dataset,test_dictionary.py,test_error_checking_in_aspell,Long Message Chain,223,,,Message chain at line 223 has 3 chained methods (threshold: 2)
dataset,test_dictionary.py,test_error_checking_in_aspell,Long Message Chain,224,,,Message chain at line 224 has 3 chained methods (threshold: 2)
dataset,test_dictionary.py,test_dictionary_looping,Complex Method,,297,363,Method 'test_dictionary_looping' has cyclomatic complexity of 12 (threshold: 7)
dataset,test_dictionary.py,test_dictionary_looping,Long Message Chain,296,,,Message chain at line 296 has 3 chained methods (threshold: 2)
dataset,test_dictionary.py,test_ran_all,Magic Number,374,,,Magic number 2 found at line 374
dataset,test_dictionary.py,test_ran_all,Long Message Chain,366,,,Message chain at line 366 has 3 chained methods (threshold: 2)
dataset,test_basic.py,run_codespell,Long Message Chain,80,,,Message chain at line 80 has 3 chained methods (threshold: 2)
dataset,test_basic.py,test_basic,Long Method,,91,168,Method 'test_basic' has 78 lines (threshold: 67)
dataset,test_basic.py,test_permission_error,Long Message Chain,210,,,Message chain at line 210 has 3 chained methods (threshold: 2)
dataset,test_basic.py,test_interactivity,Long Message Chain,241,,,Message chain at line 241 has 3 chained methods (threshold: 2)
dataset,test_basic.py,test_inline_ignores,Long Message Chain,411,,,Message chain at line 411 has 3 chained methods (threshold: 2)
dataset,test_basic.py,test_check_filename_irregular_file,Long Message Chain,628,,,Message chain at line 628 has 3 chained methods (threshold: 2)
dataset,test_basic.py,test_check_hidden,Long Method,,641,732,Method 'test_check_hidden' has 92 lines (threshold: 67)
dataset,test_basic.py,test_check_hidden,Empty Catch Block,706,,,Empty catch block at line 706
dataset,test_basic.py,test_context,Long Method,,824,904,Method 'test_context' has 81 lines (threshold: 67)
dataset,test_basic.py,test_uri_regex_def,Long Method,,1136,1226,Method 'test_uri_regex_def' has 91 lines (threshold: 67)
dataset,test_basic.py,test_config_toml,Long Method,,1280,1362,Method 'test_config_toml' has 83 lines (threshold: 67)
dataset,test_basic.py,test_config_toml,Long Message Chain,1279,,,Message chain at line 1279 has 3 chained methods (threshold: 2)
dataset,test_basic.py,test_stdin,Magic Number,1397,,,Magic number 4 found at line 1397
dataset,test_basic.py,test_stdin,Long Identifier,,,,Identifier 'single_line_per_error' has 21 characters (threshold: 20)
dataset,test_basic.py,test_stdin,Magic Number,1409,,,Magic number 2 found at line 1409
dataset,test_basic.py,,Long Statement,140,,,Line 140 has 126 characters (threshold: 120)
dataset,settings.py,,Long Message Chain,31,,,Message chain at line 31 has 3 chained methods (threshold: 2)
dataset,settings.py,,Magic Number,31,,,Magic number 8 found at line 31
dataset,settings.py,,Magic Number,34,,,Magic number 30 found at line 34
dataset,settings.py,,Magic Number,36,,,Magic number 10 found at line 36
dataset,settings.py,,Long Identifier,,,,Identifier 'FRESH_IPCAT_DELTA_DAYS' has 22 characters (threshold: 20)
dataset,settings.py,,Long Message Chain,37,,,Message chain at line 37 has 3 chained methods (threshold: 2)
dataset,settings.py,,Long Message Chain,37,,,Message chain at line 37 has 3 chained methods (threshold: 2)
dataset,settings.py,,Long Message Chain,38,,,Message chain at line 38 has 3 chained methods (threshold: 2)
dataset,settings.py,,Long Message Chain,39,,,Message chain at line 39 has 3 chained methods (threshold: 2)
dataset,settings.py,,Long Message Chain,40,,,Message chain at line 40 has 3 chained methods (threshold: 2)
dataset,settings.py,,Magic Number,43,,,Magic number 3 found at line 43
dataset,settings.py,,Long Identifier,,,,Identifier 'CHECK_CONNECTION_MAX_RETRIES' has 28 characters (threshold: 20)
dataset,settings.py,,Magic Number,45,,,Magic number 8338 found at line 45
dataset,settings.py,,Long Identifier,,,,Identifier 'SESSION_COOKIE_FLAG_SAMESITE' has 28 characters (threshold: 20)
dataset,settings.py,,Magic Number,50,,,Magic number 2000 found at line 50
dataset,settings.py,,Magic Number,51,,,Magic number 4 found at line 51
dataset,settings.py,,Magic Number,51,,,Magic number 4 found at line 51
dataset,settings.py,,Magic Number,51,,,Magic number 4 found at line 51
dataset,settings.py,,Magic Number,51,,,Magic number 2 found at line 51
dataset,settings.py,,Magic Number,52,,,Magic number 1e-05 found at line 52
dataset,settings.py,,Long Identifier,,,,Identifier 'SHORT_SENSOR_SLEEP_TIME' has 23 characters (threshold: 20)
dataset,settings.py,,Magic Number,53,,,Magic number 0.001 found at line 53
dataset,settings.py,,Long Identifier,,,,Identifier 'REGULAR_SENSOR_SLEEP_TIME' has 25 characters (threshold: 20)
dataset,settings.py,,Magic Number,54,,,Magic number 60 found at line 54
dataset,settings.py,,Long Identifier,,,,Identifier 'LOAD_TRAILS_RETRY_SLEEP_TIME' has 28 characters (threshold: 20)
dataset,settings.py,,Magic Number,55,,,Magic number 5 found at line 55
dataset,settings.py,,Long Identifier,,,,Identifier 'UNAUTHORIZED_SLEEP_TIME' has 23 characters (threshold: 20)
dataset,settings.py,,Magic Number,56,,,Magic number 20 found at line 56
dataset,settings.py,,Long Identifier,,,,Identifier 'NO_SUCH_NAME_PER_HOUR_THRESHOLD' has 31 characters (threshold: 20)
dataset,settings.py,,Long Message Chain,59,,,Message chain at line 59 has 3 chained methods (threshold: 2)
dataset,settings.py,,Long Message Chain,59,,,Message chain at line 59 has 3 chained methods (threshold: 2)
dataset,settings.py,,Long Message Chain,59,,,Message chain at line 59 has 3 chained methods (threshold: 2)
dataset,settings.py,,Long Message Chain,60,,,Message chain at line 60 has 3 chained methods (threshold: 2)
dataset,settings.py,,Magic Number,63,,,Magic number 65000 found at line 63
dataset,settings.py,,Magic Number,64,,,Magic number 100 found at line 64
dataset,settings.py,,Magic Number,65,,,Magic number 18 found at line 65
dataset,settings.py,,Long Identifier,,,,Identifier 'MAX_HELP_OPTION_LENGTH' has 22 characters (threshold: 20)
dataset,settings.py,,Long Message Chain,66,,,Message chain at line 66 has 3 chained methods (threshold: 2)
dataset,settings.py,,Long Identifier,,,,Identifier 'DEFAULT_EVENT_LOG_PERMISSIONS' has 29 characters (threshold: 20)
dataset,settings.py,,Long Identifier,,,,Identifier 'DEFAULT_ERROR_LOG_PERMISSIONS' has 29 characters (threshold: 20)
dataset,settings.py,,Long Identifier,,,,Identifier 'DISABLED_CONTENT_EXTENSIONS' has 27 characters (threshold: 20)
dataset,settings.py,,Long Identifier,,,,Identifier 'CONTENT_EXTENSIONS_EXCLUSIONS' has 29 characters (threshold: 20)
dataset,settings.py,,Long Identifier,,,,Identifier 'CONDENSE_ON_INFO_KEYWORDS' has 25 characters (threshold: 20)
dataset,settings.py,,Magic Number,75,,,Magic number 10 found at line 75
dataset,settings.py,,Long Identifier,,,,Identifier 'CONDENSED_EVENTS_FLUSH_PERIOD' has 29 characters (threshold: 20)
dataset,settings.py,,Long Identifier,,,,Identifier 'LOW_PRIORITY_INFO_KEYWORDS' has 26 characters (threshold: 20)
dataset,settings.py,,Long Identifier,,,,Identifier 'HIGH_PRIORITY_INFO_KEYWORDS' has 27 characters (threshold: 20)
dataset,settings.py,,Long Identifier,,,,Identifier 'HIGH_PRIORITY_REFERENCES' has 24 characters (threshold: 20)
dataset,settings.py,,Long Identifier,,,,Identifier 'POTENTIAL_INFECTION_PORTS' has 25 characters (threshold: 20)
dataset,settings.py,,Long Identifier,,,,Identifier 'IGNORE_DNS_QUERY_SUFFIXES' has 25 characters (threshold: 20)
dataset,settings.py,,Long Identifier,,,,Identifier 'SUSPICIOUS_CONTENT_TYPES' has 24 characters (threshold: 20)
dataset,settings.py,,Long Identifier,,,,Identifier 'SUSPICIOUS_DIRECT_DOWNLOAD_EXTENSIONS' has 37 characters (threshold: 20)
dataset,settings.py,,Long Identifier,,,,Identifier 'WHITELIST_DIRECT_DOWNLOAD_KEYWORDS' has 34 characters (threshold: 20)
dataset,settings.py,,Long Identifier,,,,Identifier 'SUSPICIOUS_HTTP_REQUEST_REGEXES' has 31 characters (threshold: 20)
dataset,settings.py,,Long Identifier,,,,Identifier 'SUSPICIOUS_HTTP_PATH_REGEXES' has 28 characters (threshold: 20)
dataset,settings.py,,Long Identifier,,,,Identifier 'SUSPICIOUS_HTTP_REQUEST_PRE_CONDITION' has 37 characters (threshold: 20)
dataset,settings.py,,Long Identifier,,,,Identifier 'SUSPICIOUS_DIRECT_IP_URL_REGEX' has 30 characters (threshold: 20)
dataset,settings.py,,Long Identifier,,,,Identifier 'SUSPICIOUS_PROXY_PROBE_PRE_CONDITION' has 36 characters (threshold: 20)
dataset,settings.py,,Long Identifier,,,,Identifier 'SUSPICIOUS_HTTP_REQUEST_FORCE_ENCODE_CHARS' has 42 characters (threshold: 20)
dataset,settings.py,,Long Message Chain,110,,,Message chain at line 110 has 3 chained methods (threshold: 2)
dataset,settings.py,,Long Identifier,,,,Identifier 'GENERIC_SINKHOLE_REGEX' has 22 characters (threshold: 20)
dataset,settings.py,,Long Identifier,,,,Identifier 'WHITELIST_HTTP_REQUEST_PATHS' has 28 characters (threshold: 20)
dataset,settings.py,,Long Identifier,,,,Identifier 'WHITELIST_LONG_DOMAIN_NAME_KEYWORDS' has 35 characters (threshold: 20)
dataset,settings.py,,Long Identifier,,,,Identifier 'LOCAL_SUBDOMAIN_LOOKUPS' has 23 characters (threshold: 20)
dataset,settings.py,,Long Identifier,,,,Identifier 'NO_SUCH_NAME_COUNTERS' has 21 characters (threshold: 20)
dataset,settings.py,,Magic Number,124,,,Magic number 16 found at line 124
dataset,settings.py,,Magic Number,125,,,Magic number 24 found at line 125
dataset,settings.py,,Long Identifier,,,,Identifier 'SESSION_EXPIRATION_HOURS' has 24 characters (threshold: 20)
dataset,settings.py,,Magic Number,127,,,Magic number 9 found at line 127
dataset,settings.py,,Long Identifier,,,,Identifier 'DEFLATE_COMPRESS_LEVEL' has 22 characters (threshold: 20)
dataset,settings.py,,Magic Number,128,,,Magic number 10 found at line 128
dataset,settings.py,,Long Identifier,,,,Identifier 'PORT_SCANNING_THRESHOLD' has 23 characters (threshold: 20)
dataset,settings.py,,Magic Number,129,,,Magic number 10 found at line 129
dataset,settings.py,,Long Identifier,,,,Identifier 'WEB_SCANNING_THRESHOLD' has 22 characters (threshold: 20)
dataset,settings.py,,Magic Number,130,,,Magic number 32 found at line 130
dataset,settings.py,,Long Identifier,,,,Identifier 'INFECTION_SCANNING_THRESHOLD' has 28 characters (threshold: 20)
dataset,settings.py,,Magic Number,131,,,Magic number 1000 found at line 131
dataset,settings.py,,Long Identifier,,,,Identifier 'MMAP_ZFILL_CHUNK_LENGTH' has 23 characters (threshold: 20)
dataset,settings.py,,Magic Number,132,,,Magic number 1024 found at line 132
dataset,settings.py,,Magic Number,132,,,Magic number 1024 found at line 132
dataset,settings.py,,Magic Number,133,,,Magic number 60 found at line 133
dataset,settings.py,,Magic Number,133,,,Magic number 60 found at line 133
dataset,settings.py,,Magic Number,134,,,Magic number 60 found at line 134
dataset,settings.py,,Magic Number,134,,,Magic number 24 found at line 134
dataset,settings.py,,Magic Number,134,,,Magic number 60 found at line 134
dataset,settings.py,,Magic Number,135,,,Magic number 1000 found at line 135
dataset,settings.py,,Long Identifier,,,,Identifier 'DNS_EXHAUSTION_THRESHOLD' has 24 characters (threshold: 20)
dataset,settings.py,,Magic Number,136,,,Magic number 24 found at line 136
dataset,settings.py,,Long Identifier,,,,Identifier 'SUSPICIOUS_DOMAIN_LENGTH_THRESHOLD' has 34 characters (threshold: 20)
dataset,settings.py,,Magic Number,137,,,Magic number 9 found at line 137
dataset,settings.py,,Long Identifier,,,,Identifier 'SUSPICIOUS_DOMAIN_CONSONANT_THRESHOLD' has 37 characters (threshold: 20)
dataset,settings.py,,Magic Number,138,,,Magic number 3.5 found at line 138
dataset,settings.py,,Long Identifier,,,,Identifier 'SUSPICIOUS_DOMAIN_ENTROPY_THRESHOLD' has 35 characters (threshold: 20)
dataset,settings.py,,Long Message Chain,145,,,Message chain at line 145 has 3 chained methods (threshold: 2)
dataset,settings.py,,Long Message Chain,145,,,Message chain at line 145 has 3 chained methods (threshold: 2)
dataset,settings.py,_get_total_physmem,Long Method,,156,225,Method '_get_total_physmem' has 70 lines (threshold: 67)
dataset,settings.py,_get_total_physmem,Complex Method,,156,225,Method '_get_total_physmem' has cyclomatic complexity of 15 (threshold: 7)
dataset,settings.py,_get_total_physmem,Magic Number,184,,,Magic number 1024 found at line 184
dataset,settings.py,_get_total_physmem,Empty Catch Block,185,,,Empty catch block at line 185
dataset,settings.py,_get_total_physmem,Empty Catch Block,192,,,Empty catch block at line 192
dataset,settings.py,_get_total_physmem,Empty Catch Block,198,,,Empty catch block at line 198
dataset,settings.py,_get_total_physmem,Empty Catch Block,204,,,Empty catch block at line 204
dataset,settings.py,_get_total_physmem,Magic Number,209,,,Magic number 1024 found at line 209
dataset,settings.py,_get_total_physmem,Empty Catch Block,210,,,Empty catch block at line 210
dataset,settings.py,_get_total_physmem,Empty Catch Block,216,,,Empty catch block at line 216
dataset,settings.py,_get_total_physmem,Magic Number,221,,,Magic number 1024 found at line 221
dataset,settings.py,_get_total_physmem,Empty Catch Block,222,,,Empty catch block at line 222
dataset,settings.py,read_config,Long Method,,227,379,Method 'read_config' has 153 lines (threshold: 67)
dataset,settings.py,read_config,Complex Method,,227,379,Method 'read_config' has cyclomatic complexity of 56 (threshold: 7)
dataset,settings.py,read_config,Long Message Chain,230,,,Message chain at line 230 has 3 chained methods (threshold: 2)
dataset,settings.py,read_config,Long Message Chain,277,,,Message chain at line 277 has 3 chained methods (threshold: 2)
dataset,settings.py,read_config,Long Message Chain,290,,,Message chain at line 290 has 3 chained methods (threshold: 2)
dataset,settings.py,read_config,Long Message Chain,292,,,Message chain at line 292 has 3 chained methods (threshold: 2)
dataset,settings.py,read_config,Long Message Chain,292,,,Message chain at line 292 has 3 chained methods (threshold: 2)
dataset,settings.py,read_config,Long Message Chain,292,,,Message chain at line 292 has 3 chained methods (threshold: 2)
dataset,settings.py,read_config,Empty Catch Block,296,,,Empty catch block at line 296
dataset,settings.py,read_config,Long Message Chain,310,,,Message chain at line 310 has 3 chained methods (threshold: 2)
dataset,settings.py,read_config,Long Message Chain,315,,,Message chain at line 315 has 3 chained methods (threshold: 2)
dataset,settings.py,read_config,Long Message Chain,321,,,Message chain at line 321 has 3 chained methods (threshold: 2)
dataset,settings.py,read_config,Magic Number,355,,,Magic number 1024 found at line 355
dataset,settings.py,read_config,Magic Number,355,,,Magic number 2 found at line 355
dataset,settings.py,read_config,Magic Number,355,,,Magic number 1024 found at line 355
dataset,settings.py,read_config,Magic Number,355,,,Magic number 3 found at line 355
dataset,settings.py,read_config,Magic Number,360,,,Magic number 100 found at line 360
dataset,settings.py,read_config,Long Message Chain,370,,,Message chain at line 370 has 3 chained methods (threshold: 2)
dataset,settings.py,read_config,Long Message Chain,370,,,Message chain at line 370 has 3 chained methods (threshold: 2)
dataset,settings.py,read_config,Long Message Chain,371,,,Message chain at line 371 has 3 chained methods (threshold: 2)
dataset,settings.py,read_config,Long Message Chain,376,,,Message chain at line 376 has 3 chained methods (threshold: 2)
dataset,settings.py,read_config,Long Message Chain,376,,,Message chain at line 376 has 3 chained methods (threshold: 2)
dataset,settings.py,read_config,Long Message Chain,378,,,Message chain at line 378 has 3 chained methods (threshold: 2)
dataset,settings.py,read_whitelist,Complex Method,,381,414,Method 'read_whitelist' has cyclomatic complexity of 14 (threshold: 7)
dataset,settings.py,read_whitelist,Long Message Chain,385,,,Message chain at line 385 has 3 chained methods (threshold: 2)
dataset,settings.py,read_whitelist,Long Message Chain,385,,,Message chain at line 385 has 3 chained methods (threshold: 2)
dataset,settings.py,read_whitelist,Long Message Chain,386,,,Message chain at line 386 has 3 chained methods (threshold: 2)
dataset,settings.py,read_whitelist,Long Message Chain,401,,,Message chain at line 401 has 3 chained methods (threshold: 2)
dataset,settings.py,add_ignorelist,Long Message Chain,418,,,Message chain at line 418 has 3 chained methods (threshold: 2)
dataset,settings.py,read_ignorelist,Long Message Chain,432,,,Message chain at line 432 has 3 chained methods (threshold: 2)
dataset,settings.py,read_ignorelist,Long Message Chain,432,,,Message chain at line 432 has 3 chained methods (threshold: 2)
dataset,settings.py,read_ignorelist,Long Message Chain,435,,,Message chain at line 435 has 3 chained methods (threshold: 2)
dataset,settings.py,read_ua,Complex Method,,438,462,Method 'read_ua' has cyclomatic complexity of 8 (threshold: 7)
dataset,settings.py,read_ua,Long Message Chain,444,,,Message chain at line 444 has 3 chained methods (threshold: 2)
dataset,settings.py,read_ua,Long Message Chain,444,,,Message chain at line 444 has 3 chained methods (threshold: 2)
dataset,settings.py,read_ua,Long Message Chain,445,,,Message chain at line 445 has 3 chained methods (threshold: 2)
dataset,settings.py,read_worst_asn,Long Message Chain,465,,,Message chain at line 465 has 3 chained methods (threshold: 2)
dataset,settings.py,read_worst_asn,Long Message Chain,465,,,Message chain at line 465 has 3 chained methods (threshold: 2)
dataset,settings.py,read_worst_asn,Long Message Chain,466,,,Message chain at line 466 has 3 chained methods (threshold: 2)
dataset,settings.py,read_cdn_ranges,Long Message Chain,480,,,Message chain at line 480 has 3 chained methods (threshold: 2)
dataset,settings.py,read_cdn_ranges,Long Message Chain,480,,,Message chain at line 480 has 3 chained methods (threshold: 2)
dataset,settings.py,read_cdn_ranges,Long Message Chain,481,,,Message chain at line 481 has 3 chained methods (threshold: 2)
dataset,settings.py,read_bogon_ranges,Long Message Chain,495,,,Message chain at line 495 has 3 chained methods (threshold: 2)
dataset,settings.py,read_bogon_ranges,Long Message Chain,495,,,Message chain at line 495 has 3 chained methods (threshold: 2)
dataset,settings.py,read_bogon_ranges,Long Message Chain,496,,,Message chain at line 496 has 3 chained methods (threshold: 2)
dataset,settings.py,,Long Statement,31,,,Line 31 has 139 characters (threshold: 120)
dataset,settings.py,,Long Statement,47,,,Line 47 has 136 characters (threshold: 120)
dataset,settings.py,,Long Statement,51,,,Line 51 has 153 characters (threshold: 120)
dataset,settings.py,,Long Statement,74,,,Line 74 has 131 characters (threshold: 120)
dataset,settings.py,,Long Statement,76,,,Line 76 has 149 characters (threshold: 120)
dataset,settings.py,,Long Statement,83,,,Line 83 has 169 characters (threshold: 120)
dataset,settings.py,,Long Statement,85,,,Line 85 has 252 characters (threshold: 120)
dataset,settings.py,,Long Statement,86,,,Line 86 has 167 characters (threshold: 120)
dataset,settings.py,,Long Statement,89,,,Line 89 has 469 characters (threshold: 120)
dataset,settings.py,,Long Statement,93,,,Line 93 has 178 characters (threshold: 120)
dataset,settings.py,,Long Statement,96,,,Line 96 has 221 characters (threshold: 120)
dataset,settings.py,,Long Statement,98,,,Line 98 has 561 characters (threshold: 120)
dataset,settings.py,,Long Statement,99,,,Line 99 has 174 characters (threshold: 120)
dataset,settings.py,,Long Statement,100,,,Line 100 has 337 characters (threshold: 120)
dataset,settings.py,,Long Statement,101,,,Line 101 has 746 characters (threshold: 120)
dataset,settings.py,,Long Statement,105,,,Line 105 has 143 characters (threshold: 120)
dataset,settings.py,,Long Statement,108,,,Line 108 has 266 characters (threshold: 120)
dataset,settings.py,,Long Statement,112,,,Line 112 has 144 characters (threshold: 120)
dataset,settings.py,,Long Statement,113,,,Line 113 has 364 characters (threshold: 120)
dataset,settings.py,,Long Statement,118,,,Line 118 has 154 characters (threshold: 120)
dataset,settings.py,,Long Statement,119,,,Line 119 has 121 characters (threshold: 120)
dataset,settings.py,,Long Statement,123,,,Line 123 has 143 characters (threshold: 120)
dataset,settings.py,,Long Statement,142,,,Line 142 has 1443 characters (threshold: 120)
dataset,settings.py,,Long Statement,145,,,Line 145 has 193 characters (threshold: 120)
dataset,settings.py,,Long Statement,203,,,Line 203 has 155 characters (threshold: 120)
dataset,settings.py,,Long Statement,209,,,Line 209 has 155 characters (threshold: 120)
dataset,settings.py,,Long Statement,215,,,Line 215 has 135 characters (threshold: 120)
dataset,settings.py,,Long Statement,221,,,Line 221 has 160 characters (threshold: 120)
dataset,settings.py,,Long Statement,307,,,Line 307 has 138 characters (threshold: 120)
dataset,settings.py,,Long Statement,314,,,Line 314 has 127 characters (threshold: 120)
dataset,settings.py,,Long Statement,332,,,Line 332 has 185 characters (threshold: 120)
dataset,settings.py,,Long Statement,341,,,Line 341 has 131 characters (threshold: 120)
dataset,settings.py,,Long Statement,344,,,Line 344 has 143 characters (threshold: 120)
dataset,settings.py,,Long Statement,355,,,Line 355 has 125 characters (threshold: 120)
dataset,settings.py,,Long Statement,362,,,Line 362 has 121 characters (threshold: 120)
dataset,addr.py,addr_to_int,Magic Number,14,,,Magic number 24 found at line 14
dataset,addr.py,addr_to_int,Magic Number,14,,,Magic number 16 found at line 14
dataset,addr.py,addr_to_int,Magic Number,14,,,Magic number 8 found at line 14
dataset,addr.py,int_to_addr,Magic Number,17,,,Magic number 255 found at line 17
dataset,addr.py,make_mask,Magic Number,20,,,Magic number 4294967295 found at line 20
dataset,addr.py,make_mask,Magic Number,20,,,Magic number 32 found at line 20
dataset,addr.py,inet_ntoa6,Magic Number,34,,,Magic number 4 found at line 34
dataset,addr.py,expand_range,Magic Number,47,,,Magic number 32 found at line 47
dataset,addr.py,,Long Statement,31,,,Line 31 has 125 characters (threshold: 120)
dataset,colorized.py,,Long Message Chain,11,,,Message chain at line 11 has 3 chained methods (threshold: 2)
dataset,colorized.py,write,Long Lambda Function,27,,,Lambda at line 27 has 144 characters (threshold: 80)
dataset,colorized.py,write,Long Lambda Function,28,,,Lambda at line 28 has 85 characters (threshold: 80)
dataset,colorized.py,write,Long Lambda Function,34,,,Lambda at line 34 has 125 characters (threshold: 80)
dataset,colorized.py,write,Long Message Chain,34,,,Message chain at line 34 has 3 chained methods (threshold: 2)
dataset,colorized.py,write,Long Lambda Function,36,,,Lambda at line 36 has 108 characters (threshold: 80)
dataset,colorized.py,write,Long Message Chain,36,,,Message chain at line 36 has 3 chained methods (threshold: 2)
dataset,colorized.py,write,Long Lambda Function,37,,,Lambda at line 37 has 137 characters (threshold: 80)
dataset,colorized.py,write,Long Message Chain,42,,,Message chain at line 42 has 3 chained methods (threshold: 2)
dataset,colorized.py,flush,Long Message Chain,45,,,Message chain at line 45 has 3 chained methods (threshold: 2)
dataset,colorized.py,,Long Statement,16,,,Line 16 has 231 characters (threshold: 120)
dataset,colorized.py,,Long Statement,17,,,Line 17 has 148 characters (threshold: 120)
dataset,colorized.py,,Long Statement,18,,,Line 18 has 177 characters (threshold: 120)
dataset,colorized.py,,Long Statement,24,,,Line 24 has 146 characters (threshold: 120)
dataset,colorized.py,,Long Statement,27,,,Line 27 has 201 characters (threshold: 120)
dataset,colorized.py,,Long Statement,28,,,Line 28 has 142 characters (threshold: 120)
dataset,colorized.py,,Long Statement,34,,,Line 34 has 186 characters (threshold: 120)
dataset,colorized.py,,Long Statement,36,,,Line 36 has 180 characters (threshold: 120)
dataset,colorized.py,,Long Statement,37,,,Line 37 has 186 characters (threshold: 120)
dataset,log.py,create_log_directory,Long Message Chain,46,,,Message chain at line 46 has 3 chained methods (threshold: 2)
dataset,log.py,get_event_log_handle,Long Message Chain,56,,,Message chain at line 56 has 3 chained methods (threshold: 2)
dataset,log.py,get_event_log_handle,Long Message Chain,59,,,Message chain at line 59 has 3 chained methods (threshold: 2)
dataset,log.py,get_event_log_handle,Empty Catch Block,69,,,Empty catch block at line 69
dataset,log.py,get_event_log_handle,Long Message Chain,72,,,Message chain at line 72 has 3 chained methods (threshold: 2)
dataset,log.py,get_error_log_handle,Long Message Chain,85,,,Message chain at line 85 has 3 chained methods (threshold: 2)
dataset,log.py,get_error_log_handle,Long Message Chain,86,,,Message chain at line 86 has 3 chained methods (threshold: 2)
dataset,log.py,flush_condensed_events,Complex Method,,100,132,Method 'flush_condensed_events' has cyclomatic complexity of 12 (threshold: 7)
dataset,log.py,log_event,Long Method,,134,226,Method 'log_event' has 93 lines (threshold: 67)
dataset,log.py,log_event,Complex Method,,134,226,Method 'log_event' has cyclomatic complexity of 30 (threshold: 7)
dataset,log.py,log_event,Long Message Chain,169,,,Message chain at line 169 has 3 chained methods (threshold: 2)
dataset,log.py,log_event,Long Message Chain,170,,,Message chain at line 170 has 3 chained methods (threshold: 2)
dataset,log.py,log_event,Long Message Chain,178,,,Message chain at line 178 has 3 chained methods (threshold: 2)
dataset,log.py,log_event,Long Message Chain,179,,,Message chain at line 179 has 3 chained methods (threshold: 2)
dataset,log.py,log_event,Long Message Chain,187,,,Message chain at line 187 has 3 chained methods (threshold: 2)
dataset,log.py,log_event,Long Message Chain,206,,,Message chain at line 206 has 3 chained methods (threshold: 2)
dataset,log.py,log_event,Long Message Chain,207,,,Message chain at line 207 has 3 chained methods (threshold: 2)
dataset,log.py,log_event,Long Message Chain,214,,,Message chain at line 214 has 3 chained methods (threshold: 2)
dataset,log.py,log_event,Long Message Chain,218,,,Message chain at line 218 has 3 chained methods (threshold: 2)
dataset,log.py,log_event,Long Message Chain,219,,,Message chain at line 219 has 3 chained methods (threshold: 2)
dataset,log.py,start_logd,Complex Method,,242,291,Method 'start_logd' has cyclomatic complexity of 11 (threshold: 7)
dataset,log.py,handle,Long Message Chain,254,,,Message chain at line 254 has 3 chained methods (threshold: 2)
dataset,log.py,,Long Statement,147,,,Line 147 has 167 characters (threshold: 120)
dataset,log.py,,Long Statement,172,,,Line 172 has 144 characters (threshold: 120)
dataset,log.py,,Long Statement,185,,,Line 185 has 157 characters (threshold: 120)
dataset,log.py,,Long Statement,205,,,Line 205 has 138 characters (threshold: 120)
dataset,log.py,,Long Statement,206,,,Line 206 has 385 characters (threshold: 120)
dataset,log.py,,Long Statement,212,,,Line 212 has 295 characters (threshold: 120)
dataset,log.py,,Long Statement,217,,,Line 217 has 127 characters (threshold: 120)
dataset,log.py,,Long Statement,254,,,Line 254 has 122 characters (threshold: 120)
dataset,log.py,,Long Statement,278,,,Line 278 has 123 characters (threshold: 120)
dataset,update.py,,Long Message Chain,20,,,Message chain at line 20 has 3 chained methods (threshold: 2)
dataset,update.py,,Long Message Chain,20,,,Message chain at line 20 has 3 chained methods (threshold: 2)
dataset,update.py,,Long Message Chain,20,,,Message chain at line 20 has 3 chained methods (threshold: 2)
dataset,update.py,,Long Message Chain,20,,,Message chain at line 20 has 3 chained methods (threshold: 2)
dataset,update.py,,Empty Catch Block,54,,,Empty catch block at line 54
dataset,update.py,_chown,Long Message Chain,58,,,Message chain at line 58 has 3 chained methods (threshold: 2)
dataset,update.py,_chown,Long Message Chain,60,,,Message chain at line 60 has 3 chained methods (threshold: 2)
dataset,update.py,_chown,Long Message Chain,60,,,Message chain at line 60 has 3 chained methods (threshold: 2)
dataset,update.py,update_trails,Long Method,,70,338,Method 'update_trails' has 269 lines (threshold: 67)
dataset,update.py,update_trails,Complex Method,,70,338,Method 'update_trails' has cyclomatic complexity of 104 (threshold: 7)
dataset,update.py,update_trails,Long Message Chain,80,,,Message chain at line 80 has 3 chained methods (threshold: 2)
dataset,update.py,update_trails,Long Message Chain,99,,,Message chain at line 99 has 3 chained methods (threshold: 2)
dataset,update.py,update_trails,Long Message Chain,99,,,Message chain at line 99 has 3 chained methods (threshold: 2)
dataset,update.py,update_trails,Long Message Chain,101,,,Message chain at line 101 has 3 chained methods (threshold: 2)
dataset,update.py,update_trails,Long Message Chain,101,,,Message chain at line 101 has 3 chained methods (threshold: 2)
dataset,update.py,update_trails,Long Message Chain,104,,,Message chain at line 104 has 3 chained methods (threshold: 2)
dataset,update.py,update_trails,Long Message Chain,104,,,Message chain at line 104 has 3 chained methods (threshold: 2)
dataset,update.py,update_trails,Long Message Chain,104,,,Message chain at line 104 has 3 chained methods (threshold: 2)
dataset,update.py,update_trails,Long Message Chain,106,,,Message chain at line 106 has 3 chained methods (threshold: 2)
dataset,update.py,update_trails,Long Message Chain,106,,,Message chain at line 106 has 3 chained methods (threshold: 2)
dataset,update.py,update_trails,Complex Conditional,108,,,Conditional at line 108 has 5 logical operators (threshold: 2)
dataset,update.py,update_trails,Long Message Chain,108,,,Message chain at line 108 has 3 chained methods (threshold: 2)
dataset,update.py,update_trails,Long Message Chain,115,,,Message chain at line 115 has 3 chained methods (threshold: 2)
dataset,update.py,update_trails,Long Message Chain,115,,,Message chain at line 115 has 3 chained methods (threshold: 2)
dataset,update.py,update_trails,Long Message Chain,117,,,Message chain at line 117 has 3 chained methods (threshold: 2)
dataset,update.py,update_trails,Long Message Chain,119,,,Message chain at line 119 has 3 chained methods (threshold: 2)
dataset,update.py,update_trails,Long Message Chain,123,,,Message chain at line 123 has 3 chained methods (threshold: 2)
dataset,update.py,update_trails,Long Message Chain,123,,,Message chain at line 123 has 3 chained methods (threshold: 2)
dataset,update.py,update_trails,Long Message Chain,125,,,Message chain at line 125 has 3 chained methods (threshold: 2)
dataset,update.py,update_trails,Long Message Chain,127,,,Message chain at line 127 has 3 chained methods (threshold: 2)
dataset,update.py,update_trails,Long Message Chain,128,,,Message chain at line 128 has 3 chained methods (threshold: 2)
dataset,update.py,update_trails,Long Message Chain,133,,,Message chain at line 133 has 3 chained methods (threshold: 2)
dataset,update.py,update_trails,Long Message Chain,133,,,Message chain at line 133 has 3 chained methods (threshold: 2)
dataset,update.py,update_trails,Long Message Chain,139,,,Message chain at line 139 has 3 chained methods (threshold: 2)
dataset,update.py,update_trails,Magic Number,148,,,Magic number 20 found at line 148
dataset,update.py,update_trails,Long Message Chain,149,,,Message chain at line 149 has 3 chained methods (threshold: 2)
dataset,update.py,update_trails,Magic Number,149,,,Magic number 100 found at line 149
dataset,update.py,update_trails,Long Message Chain,150,,,Message chain at line 150 has 3 chained methods (threshold: 2)
dataset,update.py,update_trails,Complex Conditional,164,,,Conditional at line 164 has 5 logical operators (threshold: 2)
dataset,update.py,update_trails,Long Message Chain,172,,,Message chain at line 172 has 3 chained methods (threshold: 2)
dataset,update.py,update_trails,Empty Catch Block,174,,,Empty catch block at line 174
dataset,update.py,update_trails,Magic Number,179,,,Magic number 20 found at line 179
dataset,update.py,update_trails,Magic Number,219,,,Magic number 32 found at line 219
dataset,update.py,update_trails,Empty Catch Block,247,,,Empty catch block at line 247
dataset,update.py,update_trails,Complex Conditional,311,,,Conditional at line 311 has 3 logical operators (threshold: 2)
dataset,update.py,update_trails,Magic Number,333,,,Magic number 40 found at line 333
dataset,update.py,update_ipcat,Complex Method,,340,381,Method 'update_ipcat' has cyclomatic complexity of 14 (threshold: 7)
dataset,update.py,update_ipcat,Long Message Chain,342,,,Message chain at line 342 has 3 chained methods (threshold: 2)
dataset,update.py,update_ipcat,Complex Conditional,349,,,Conditional at line 349 has 4 logical operators (threshold: 2)
dataset,update.py,update_ipcat,Long Message Chain,349,,,Message chain at line 349 has 3 chained methods (threshold: 2)
dataset,update.py,update_ipcat,Long Message Chain,349,,,Message chain at line 349 has 3 chained methods (threshold: 2)
dataset,update.py,update_ipcat,Magic Number,349,,,Magic number 3600 found at line 349
dataset,update.py,update_ipcat,Magic Number,349,,,Magic number 24 found at line 349
dataset,update.py,update_ipcat,Long Message Chain,354,,,Message chain at line 354 has 3 chained methods (threshold: 2)
dataset,update.py,update_ipcat,Long Message Chain,360,,,Message chain at line 360 has 3 chained methods (threshold: 2)
dataset,update.py,main,Complex Method,,383,423,Method 'main' has cyclomatic complexity of 16 (threshold: 7)
dataset,update.py,main,Long Message Chain,385,,,Message chain at line 385 has 3 chained methods (threshold: 2)
dataset,update.py,main,Magic Number,406,,,Magic number 2 found at line 406
dataset,update.py,main,Long Message Chain,417,,,Message chain at line 417 has 3 chained methods (threshold: 2)
dataset,update.py,main,Long Message Chain,418,,,Message chain at line 418 has 3 chained methods (threshold: 2)
dataset,update.py,main,Long Message Chain,423,,,Message chain at line 423 has 3 chained methods (threshold: 2)
dataset,update.py,,Long Statement,20,,,Line 20 has 127 characters (threshold: 120)
dataset,update.py,,Long Statement,104,,,Line 104 has 143 characters (threshold: 120)
dataset,update.py,,Long Statement,108,,,Line 108 has 288 characters (threshold: 120)
dataset,update.py,,Long Statement,128,,,Line 128 has 131 characters (threshold: 120)
dataset,update.py,,Long Statement,133,,,Line 133 has 166 characters (threshold: 120)
dataset,update.py,,Long Statement,146,,,Line 146 has 139 characters (threshold: 120)
dataset,update.py,,Long Statement,149,,,Line 149 has 121 characters (threshold: 120)
dataset,update.py,,Long Statement,152,,,Line 152 has 143 characters (threshold: 120)
dataset,update.py,,Long Statement,164,,,Line 164 has 309 characters (threshold: 120)
dataset,update.py,,Long Statement,169,,,Line 169 has 121 characters (threshold: 120)
dataset,update.py,,Long Statement,250,,,Line 250 has 130 characters (threshold: 120)
dataset,update.py,,Long Statement,255,,,Line 255 has 182 characters (threshold: 120)
dataset,update.py,,Long Statement,262,,,Line 262 has 173 characters (threshold: 120)
dataset,update.py,,Long Statement,311,,,Line 311 has 150 characters (threshold: 120)
dataset,update.py,,Long Statement,316,,,Line 316 has 125 characters (threshold: 120)
dataset,update.py,,Long Statement,317,,,Line 317 has 125 characters (threshold: 120)
dataset,update.py,,Long Statement,349,,,Line 349 has 225 characters (threshold: 120)
dataset,update.py,,Long Statement,372,,,Line 372 has 134 characters (threshold: 120)
dataset,update.py,,Long Statement,411,,,Line 411 has 189 characters (threshold: 120)
dataset,update.py,,Long Statement,412,,,Line 412 has 187 characters (threshold: 120)
dataset,common.py,retrieve_content,Complex Method,,44,72,Method 'retrieve_content' has cyclomatic complexity of 13 (threshold: 7)
dataset,common.py,retrieve_content,Long Message Chain,50,,,Message chain at line 50 has 3 chained methods (threshold: 2)
dataset,common.py,retrieve_content,Long Message Chain,51,,,Message chain at line 51 has 3 chained methods (threshold: 2)
dataset,common.py,retrieve_content,Long Message Chain,53,,,Message chain at line 53 has 3 chained methods (threshold: 2)
dataset,common.py,ipcat_lookup,Complex Method,,74,109,Method 'ipcat_lookup' has cyclomatic complexity of 10 (threshold: 7)
dataset,common.py,ipcat_lookup,Long Message Chain,96,,,Message chain at line 96 has 3 chained methods (threshold: 2)
dataset,common.py,worst_asns,Empty Catch Block,120,,,Empty catch block at line 120
dataset,common.py,cdn_ip,Empty Catch Block,134,,,Empty catch block at line 134
dataset,common.py,bogon_ip,Empty Catch Block,148,,,Empty catch block at line 148
dataset,common.py,check_sudo,Long Message Chain,168,,,Message chain at line 168 has 4 chained methods (threshold: 2)
dataset,common.py,get_regex,Complex Method,,176,221,Method 'get_regex' has cyclomatic complexity of 15 (threshold: 7)
dataset,common.py,process,Complex Method,,187,217,Method 'process' has cyclomatic complexity of 12 (threshold: 7)
dataset,common.py,check_whitelisted,Empty Catch Block,236,,,Empty catch block at line 236
dataset,common.py,load_trails,Complex Method,,241,268,Method 'load_trails' has cyclomatic complexity of 10 (threshold: 7)
dataset,common.py,load_trails,Long Message Chain,247,,,Message chain at line 247 has 3 chained methods (threshold: 2)
dataset,common.py,load_trails,Empty Catch Block,264,,,Empty catch block at line 264
dataset,common.py,get_text,Empty Catch Block,276,,,Empty catch block at line 276
dataset,common.py,_,Long Message Chain,309,,,Message chain at line 309 has 3 chained methods (threshold: 2)
dataset,common.py,,Long Statement,50,,,Line 50 has 214 characters (threshold: 120)
dataset,common.py,,Long Statement,217,,,Line 217 has 196 characters (threshold: 120)
dataset,dataplane.py,fetch,Complex Method,,14,26,Method 'fetch' has cyclomatic complexity of 8 (threshold: 7)
dataset,dataplane.py,fetch,Complex Conditional,22,,,Conditional at line 22 has 3 logical operators (threshold: 2)
dataset,dataplane.py,,Long Statement,16,,,Line 16 has 487 characters (threshold: 120)
dataset,alienvault.py,handle_reason,Missing Default,17,,,Match-case at line 17 missing default case
dataset,alienvault.py,fetch,Complex Method,,26,35,Method 'fetch' has cyclomatic complexity of 8 (threshold: 7)
